seed,split,fold,n_train,n_valid,n_test,test_pos_rate,acc,auroc,aupr,f1,val_acc,val_auroc,val_aupr,val_f1,test_categories
43,disease_area,0,7428,1100,1002,0.37924151696606784,0.7125748502994012,0.7631282788965985,0.6758164513904188,0.5263157894736842,0.6245454545454545,0.6639879071229587,0.627858340371427,0.4670967741935484,C01|C07|C15|C16
43,disease_area,1,7103,1027,1400,0.5707142857142857,0.5564285714285714,0.618687252576536,0.7072907379318385,0.4566929133858268,0.4819863680623174,0.5832304223466892,0.6948982842573396,0.3333333333333333,A10|C08|C20|C23|F01
43,disease_area,2,7204,863,1463,0.44907723855092274,0.6541353383458647,0.6950194696549093,0.6775896511132384,0.4909456740442656,0.6546929316338355,0.681421687012715,0.6213846789277158,0.46785714285714286,C07|C15|C18
43,disease_area,3,6861,1343,1326,0.4358974358974359,0.6659125188536953,0.7347922025054123,0.6765538216806712,0.5061315496098105,0.5107967237527923,0.6084368708855628,0.7092435572393536,0.39669421487603307,C01|C15|C19|F03
43,disease_area,4,6854,1258,1418,0.6001410437235543,0.5458392101551481,0.6816132903089425,0.7680661271298017,0.4542372881355932,0.5794912559618441,0.6258950351146281,0.5761808292567254,0.3261146496815286,C05|C06|C11
43,disease_area,5,7349,515,1666,0.4417767106842737,0.6530612244897959,0.7068577606358112,0.6687984057421037,0.4999999999999999,0.5805825242718446,0.7404106733375025,0.8507751045639589,0.6029411764705883,C04|C12
43,disease_area,6,7266,657,1607,0.536403235843186,0.5575606720597387,0.652043787664087,0.6902024898516772,0.4370546318289786,0.6879756468797564,0.7766602747231245,0.8602643851944627,0.7033285094066569,A10|C05|C18|C19
43,disease_area,7,6744,1684,1102,0.6134301270417423,0.543557168784029,0.6777474511764869,0.7823699711102129,0.4677248677248677,0.5920427553444181,0.7179596805320507,0.8085890565930326,0.5530253741054001,C05|C06
43,disease_area,8,7559,644,1327,0.5139412207987942,0.653353428786737,0.7623860510582192,0.7766170539611732,0.555984555984556,0.5496894409937888,0.6101500097408923,0.663933307669889,0.42460317460317465,C01|C05|C15
43,disease_area,9,7536,776,1218,0.5706075533661741,0.5927750410509032,0.6686520764268127,0.7566204718417462,0.5165692007797271,0.5476804123711341,0.6999763473075351,0.7920679973514133,0.5211459754433833,C06|C08|C25
